seed,A_avg_resp,A_avg_wait,A_avg_serv,A_utilization,A_avg_num_job,B_avg_resp,B_avg_wait,B_avg_serv,B_utilization,B_avg_num_job,A1_avg_resp,A1_avg_wait,A1_avg_serv,A2_avg_resp,A2_avg_wait,A2_avg_serv,A3_avg_resp,A3_avg_wait,A3_avg_serv,total_completed,system_avg_response_time,system_avg_service_time,system_utilization,system_avg_wait,system_throughput,job_arrived,completions_A1,completions_A2,completions_A3,completions_B,completions_P,horizon
123456789,1.3911028192635342,1.1588903410683522,0.23221247819518204,0.8357032160652014,5.006402364642715,20.03263463762939,19.231865042829728,0.8007695947996593,0.9606226890454678,24.031635915296505,1.2029096806223851,1.0027866895530286,0.20012299106935652,2.3710237967970844,1.974500072514915,0.3965237242821694,0.599374980371166,0.4993842611371316,0.09999071923403441,120078,24.603794078772513,1.8952580127377257,0.9606226890454678,22.70853606603479,1.1996243304989638,120078,120078,120078,120078,120078,120078,100096.33595048507
