seed,A_avg_resp,A_avg_wait,A_avg_serv,A_utilization,A_avg_num_job,B_avg_resp,B_avg_wait,B_avg_serv,B_utilization,B_avg_num_job,A1_avg_resp,A1_avg_wait,A1_avg_serv,A2_avg_resp,A2_avg_wait,A2_avg_serv,A3_avg_resp,A3_avg_wait,A3_avg_serv,total_completed,system_avg_response_time,system_avg_service_time,system_utilization,system_avg_wait,system_avg_num_job,system_throughput,job_arrived,completions_A1,completions_A2,completions_A3,completions_B,completions_P,horizon
123456789,52.593646339264666,52.36134641647998,0.2322999227846909,0.8788288070508548,198.97041254564112,2.616523289213439,1.8160198473183962,0.8005034418950426,0.572889976926947,3.276895022953776,45.280108789941806,45.08005246118157,0.20005632876022666,89.79387306834815,89.39702198575257,0.39685108259558727,22.70695715950696,22.606964802508696,0.09999235699826542,126111,160.77769140651128,1.8901172572010292,1.0025386570863624,158.88757414931024,202.24730756859492,,126111,126111,126111,126111,125244,126111,100004.37625824747
